x,y,z
1.0813547373,0.6478359103,1.0000000000
0.5805547237,1.7938477993,0.0000000000
1.4112741947,0.8263075352,1.0000000000
0.9715997577,0.0993469357,0.0000000000
0.3301269114,0.1205724254,0.0000000000
0.8506355286,1.9073500633,0.0000000000
0.1861065775,0.4742717743,0.0000000000
0.4366967082,1.9503586292,0.0000000000
0.8775892854,1.9940023422,0.0000000000
1.9033672810,1.7460547686,0.0000000000
1.8065681458,1.0585863590,0.0000000000
0.8866348863,0.0447266027,0.0000000000
0.3388108909,1.9317225218,0.0000000000
0.4154016376,0.0286736488,0.0000000000
0.8392573595,0.5943254232,1.0000000000
0.3079201579,0.6029463410,0.0000000000
0.1425154954,1.3746579885,0.0000000000
1.4902759790,1.4779255390,0.0000000000
1.3244553804,1.8074398041,0.0000000000
0.1441794783,1.7756644487,0.0000000000
1.7304520607,0.3064314425,0.0000000000
1.5291564465,1.1138933897,0.0000000000
0.2175975889,1.0629820824,0.0000000000
1.0078383684,1.3112802505,1.0000000000
0.6522812843,0.8016535640,1.0000000000
0.8542999029,0.6465157866,1.0000000000
0.9843069911,1.8442145586,0.0000000000
1.3531626463,0.2172129899,0.0000000000
1.5401694775,0.9530157447,0.0000000000
1.3521652222,0.5543937087,0.0000000000
1.0850309134,0.2026441842,0.0000000000
0.7510164380,0.7175403833,1.0000000000
0.8760035038,0.3268365264,0.0000000000
1.0881385803,1.7933694124,0.0000000000
0.0975442678,0.5143792629,0.0000000000
1.5796598196,0.4594137073,0.0000000000
0.7866446376,1.8334162235,0.0000000000
1.6785897017,1.6272808313,0.0000000000
0.2017852664,1.5082743168,0.0000000000
0.2302132100,1.7131472826,0.0000000000
0.3160089850,0.4441398978,0.0000000000
1.1108320951,0.7239409685,1.0000000000
1.5059331656,0.7265380621,0.0000000000
0.5915107727,0.4224892259,0.0000000000
0.7184057236,1.6689769030,0.0000000000
1.2986035347,1.3309379816,1.0000000000
0.0821650252,1.8571232557,0.0000000000
1.9746485949,1.6331018209,0.0000000000
1.8617426157,1.8449406624,0.0000000000
0.5801809430,0.3432474136,0.0000000000
0.6019989848,0.7985348701,1.0000000000
0.6003544927,1.6362298727,0.0000000000
0.4313930571,0.5629677773,0.0000000000
1.2459653616,0.7288987041,1.0000000000
0.8776755333,1.7637567520,0.0000000000
1.9777812958,0.8670833707,0.0000000000
1.2968178988,1.0616823435,1.0000000000
1.3386646509,1.7507121563,0.0000000000
1.8572704792,1.2489887476,0.0000000000
1.9656769037,1.9677581787,0.0000000000
1.5618129969,0.4315491617,0.0000000000
1.7398915291,0.3576973379,0.0000000000
0.9484594464,0.5037299991,0.0000000000
1.9517672062,1.6921858788,0.0000000000
1.9271726608,0.4415136874,0.0000000000
0.4928357005,0.7504904866,0.0000000000
0.7345401049,0.7505032420,1.0000000000
0.4995738566,0.1335057020,0.0000000000
0.0909894705,0.1147606671,0.0000000000
0.4759005010,0.2897219956,0.0000000000
0.8008313179,0.4754031301,0.0000000000
1.0062218904,0.4992037416,0.0000000000
1.5046544075,1.6635092497,0.0000000000
0.3620674610,0.2657137513,0.0000000000
1.0719720125,0.7248495221,1.0000000000
0.4418513775,0.0065758796,0.0000000000
1.1301805973,0.5903770924,1.0000000000
1.6809668541,0.1571962982,0.0000000000
1.1321284771,1.5725756884,0.0000000000
1.0184562206,1.1052455902,1.0000000000
1.1965329647,1.3000988960,1.0000000000
0.4669003487,1.6134067774,0.0000000000
1.1178627014,0.1326325387,0.0000000000
0.4160820246,1.5712808371,0.0000000000
1.8752131462,1.8455837965,0.0000000000
0.0879969075,1.7230862379,0.0000000000
0.2687208056,1.0061981678,0.0000000000
1.0214254856,0.4506726861,0.0000000000
1.2136335373,0.2286059707,0.0000000000
1.6693359613,0.5966969728,0.0000000000
0.7373852730,1.4833966494,0.0000000000
0.2692050338,0.8399863839,0.0000000000
0.6517770886,0.1546011418,0.0000000000
1.5086656809,1.4874565601,0.0000000000
1.1337093115,1.3304790258,1.0000000000
1.9198985100,1.8137518167,0.0000000000
0.1143380478,0.0764305219,0.0000000000
0.0275078695,0.5172079206,0.0000000000
1.1704763174,0.5489851832,0.0000000000
1.8506745100,1.7456609011,0.0000000000
0.6150074601,1.4282172918,0.0000000000
1.8678945303,0.7770062685,0.0000000000
0.6368760467,0.7439363599,1.0000000000
0.4026937783,0.1526330113,0.0000000000
1.9138540030,1.5558301210,0.0000000000
1.1808588505,1.3551377058,1.0000000000
1.9972733259,0.8404474258,0.0000000000
0.3641593754,1.8602877855,0.0000000000
0.0202075895,1.3704994917,0.0000000000
1.4242452383,1.8525011539,0.0000000000
0.2380742729,1.2745146751,0.0000000000
1.7912482023,1.9462615252,0.0000000000
1.5470163822,0.6651127338,0.0000000000
0.9697262645,1.6252855062,0.0000000000
0.9706625938,0.3380948007,0.0000000000
1.9172406197,0.2958987653,0.0000000000
0.6736190319,1.3184938431,0.0000000000
1.3565995693,1.3326139450,0.0000000000
1.0766810179,0.5336321592,0.0000000000
1.1386235952,0.3940404058,0.0000000000
0.3232951760,0.1434895098,0.0000000000
0.2288869321,1.7244659662,0.0000000000
1.9255522490,1.9728717804,0.0000000000
0.6028296947,0.9064133167,1.0000000000
0.3623828292,0.6218922138,0.0000000000
1.7041114569,1.8454710245,0.0000000000
1.9119300842,0.5264212489,0.0000000000
1.2285572290,1.2635327578,1.0000000000
0.0218992531,1.3125724792,0.0000000000
1.4280335903,0.8661271334,0.0000000000
0.3675551713,1.8385182619,0.0000000000
0.6731088161,1.0130972862,1.0000000000
1.9765547514,0.6345317960,0.0000000000
0.7878282070,0.7189241648,1.0000000000
0.6366519332,1.6255854368,0.0000000000
1.3135132790,1.6536681652,0.0000000000
1.7530878782,1.7589675188,0.0000000000
1.1778242588,1.3987414837,1.0000000000
1.8126926422,1.0443781614,0.0000000000
0.8818012476,1.5325564146,0.0000000000
0.2985360920,1.4213873148,0.0000000000
1.0767250061,0.9148674607,1.0000000000
0.9328529239,0.6125876904,1.0000000000
0.6217753887,1.8946918249,0.0000000000
0.8587350845,0.3721762896,0.0000000000
1.5451147556,0.1393299103,0.0000000000
0.5141917467,0.4716586769,0.0000000000
0.4316513538,1.3009169102,0.0000000000
1.6878818274,0.0227539688,0.0000000000
1.1603682041,0.7219341993,1.0000000000
1.4388788939,1.3256530762,0.0000000000
1.1101853848,1.4499424696,0.0000000000
0.6306462884,0.9241646528,1.0000000000
1.3321247101,0.8685208559,1.0000000000
1.7821660042,1.2298613787,0.0000000000
1.2361838818,1.9567691088,0.0000000000
0.9795826077,1.7430602312,0.0000000000
0.1574605107,1.1271952391,0.0000000000
1.7001856565,0.2165600061,0.0000000000
1.6108243465,0.3053841591,0.0000000000
0.7144213915,1.3349295855,1.0000000000
0.8305408359,1.0555391312,1.0000000000
0.6434145570,0.0021031892,0.0000000000
1.9458284378,0.6392149329,0.0000000000
1.0701624155,0.4364201725,0.0000000000
0.9829869866,1.7364822626,0.0000000000
1.9535479546,0.2896819413,0.0000000000
1.8703149557,1.0673203468,0.0000000000
0.9898742437,1.7211778164,0.0000000000
1.6963649988,1.3062022924,0.0000000000
1.7375347614,1.5590518713,0.0000000000
0.0376503319,0.3770317137,0.0000000000
1.1766180992,0.3572511971,0.0000000000
0.5052227974,1.8763730526,0.0000000000
1.4307826757,1.2364449501,0.0000000000
0.3403116465,0.3590976000,0.0000000000
1.5000386238,0.2377651334,0.0000000000
0.5596913695,1.8475613594,0.0000000000
0.6969427466,1.0855200291,1.0000000000
1.2833009958,0.1318468750,0.0000000000
0.5454108715,1.3311165571,0.0000000000
0.7461690903,1.8560094833,0.0000000000
1.8697948456,0.4795947671,0.0000000000
0.3461583853,0.4145359397,0.0000000000
0.7032139301,0.6562510729,0.0000000000
0.7525708675,1.4351918697,0.0000000000
0.8975133300,0.0903473124,0.0000000000
0.6113912463,1.3342994452,0.0000000000
1.3801875114,1.6763224602,0.0000000000
0.3714177310,1.3437063694,0.0000000000
1.3393244743,1.6595816612,0.0000000000
0.1097481400,1.8381463289,0.0000000000
1.5730977058,1.3259894848,0.0000000000
0.5242542028,1.2703433037,0.0000000000
0.3879567981,1.8644374609,0.0000000000
0.7839294672,1.8035922050,0.0000000000
1.1023191214,0.4565631449,0.0000000000
0.1482696235,0.4171647429,0.0000000000
0.5255008340,1.3805934191,0.0000000000
0.8091179132,0.1504126638,0.0000000000
1.8324787617,1.3344767094,0.0000000000
0.2601803541,1.3207542896,0.0000000000
1.1535733938,1.0132682323,1.0000000000
1.6218514442,0.3995462060,0.0000000000
1.7989646196,0.4719444513,0.0000000000
1.9742119312,0.9974541664,0.0000000000
0.9973183870,1.8396822214,0.0000000000
0.4703600407,0.8122592568,0.0000000000
1.6127564907,1.7050451040,0.0000000000
0.8562563658,0.2426517755,0.0000000000
1.6092219353,1.7319136858,0.0000000000
1.6065082550,0.5581833720,0.0000000000
1.3927952051,1.2747836113,0.0000000000
1.9547134638,1.5772242546,0.0000000000
0.6270202398,0.4720850885,0.0000000000
1.0036548376,1.5892879963,0.0000000000
1.6185804605,0.0979158580,0.0000000000
0.8544972539,0.9555412531,1.0000000000
1.5461546183,0.5659220815,0.0000000000
1.1229104996,1.1215443611,1.0000000000
1.1430011988,1.5423451662,0.0000000000
1.4539284706,1.9837034941,0.0000000000
0.4633928537,1.7134716511,0.0000000000
1.2938066721,0.1236209199,0.0000000000
0.5684336424,1.5854781866,0.0000000000
1.7686920166,0.7575424910,0.0000000000
1.9036444426,1.6077415943,0.0000000000
0.1614452004,0.3377524316,0.0000000000
1.4043287039,0.1746738702,0.0000000000
1.2536207438,0.6772850752,1.0000000000
1.8830348253,0.9767431021,0.0000000000
0.6088396907,1.0181198120,1.0000000000
0.0327480435,0.4759131968,0.0000000000
0.8815141916,0.4796041548,0.0000000000
1.2578606606,0.9660352468,1.0000000000
0.8853754997,1.3871964216,1.0000000000
0.4317649603,1.0133260489,0.0000000000
0.3384998143,0.8282461762,0.0000000000
0.5695779920,0.2665927112,0.0000000000
1.4788627625,1.4651335478,0.0000000000
1.7266855240,0.3807837069,0.0000000000
0.5608991981,0.4320705831,0.0000000000
1.1966235638,0.6579619646,1.0000000000
0.7464497089,1.3165447712,1.0000000000
1.3270428181,1.7203099728,0.0000000000
1.1280525923,0.5041366816,0.0000000000
0.7132225633,0.5956411958,0.0000000000
0.4385471344,0.6881130934,0.0000000000
0.0859120339,0.4933409691,0.0000000000
0.5598052144,1.1413762569,0.0000000000
0.3551494181,1.5988337994,0.0000000000
1.3325525522,1.7061885595,0.0000000000
1.3625051975,0.1596759409,0.0000000000
1.6556442976,0.9260520339,0.0000000000
1.1267966032,1.7552498579,0.0000000000
0.5814155340,1.2158275843,0.0000000000
0.1704029143,0.5924265981,0.0000000000
0.6518558264,1.9630451202,0.0000000000
1.9477807283,1.6405061483,0.0000000000
1.7561284304,1.0269740820,0.0000000000
1.2049417496,1.9946435690,0.0000000000
0.7740098834,1.7789117098,0.0000000000
1.3682152033,1.7124370337,0.0000000000
1.3388677835,0.5103741288,0.0000000000
0.9873806834,0.3506366611,0.0000000000
0.4106173813,0.8777103424,0.0000000000
1.2181657553,0.3252626657,0.0000000000
0.7890296578,1.8170989752,0.0000000000
1.8896111250,0.1399148703,0.0000000000
0.5864591599,1.5749913454,0.0000000000
1.9668465853,0.0860895365,0.0000000000
0.6373684406,1.7388343811,0.0000000000
0.2280036807,1.2028734684,0.0000000000
0.5138564110,0.2310497165,0.0000000000
1.0331028700,0.7137434483,1.0000000000
0.2427531630,1.3522391319,0.0000000000
1.5393470526,1.8129870892,0.0000000000
1.9056134224,1.7904086113,0.0000000000
1.0827069283,1.8809357882,0.0000000000
0.6624895334,1.4356508255,0.0000000000
0.4271538258,0.9082713127,0.0000000000
1.2722409964,1.2255719900,1.0000000000
1.5978177786,1.6503806114,0.0000000000
1.3085275888,0.8891509771,1.0000000000
0.8805674314,0.1165450439,0.0000000000
1.1493556499,0.5894877315,1.0000000000
0.1712040156,1.8719525337,0.0000000000
1.8693426847,0.0068504266,0.0000000000
1.3361468315,0.9582843184,1.0000000000
0.1759525687,0.1184468269,0.0000000000
1.4391920567,1.1756677628,0.0000000000
0.6265621185,1.9475331306,0.0000000000
0.6795673370,1.8200466633,0.0000000000
0.5288585424,0.4676146209,0.0000000000
1.7891263962,1.8657455444,0.0000000000
1.1585109234,0.1679924726,0.0000000000
0.5401829481,1.3933407068,0.0000000000
1.7972779274,1.5652471781,0.0000000000
0.0984104648,0.7239497900,0.0000000000
1.2448071241,1.9295225143,0.0000000000
0.8113864064,1.6938965321,0.0000000000
1.7820869684,0.4780753255,0.0000000000
0.3050401807,1.5094797611,0.0000000000
0.8603664041,0.9516695738,1.0000000000
1.7151563168,1.5704289675,0.0000000000
1.5150257349,1.1076391935,0.0000000000
0.1325098276,0.7091345787,0.0000000000
1.6583988667,0.3677772582,0.0000000000
0.4976041615,0.0272535812,0.0000000000
0.2646013200,0.6913294196,0.0000000000
0.3506447971,1.8674793243,0.0000000000
1.1868036985,1.2179009914,1.0000000000
0.3530999720,1.4034059048,0.0000000000
1.9838199615,0.3662595153,0.0000000000
0.9061476588,1.5835776329,0.0000000000
1.1302466393,1.6221117973,0.0000000000
0.0635693595,0.9608125091,0.0000000000
1.3597902060,1.5854264498,0.0000000000
0.4503348768,0.1777150184,0.0000000000
1.0825411081,0.4886738956,0.0000000000
1.7891938686,0.1934899986,0.0000000000
0.1341765672,0.0770262405,0.0000000000
1.2426317930,1.0416928530,1.0000000000
1.8660118580,0.3418432474,0.0000000000
1.6407308578,0.9093439579,0.0000000000
0.7902157903,0.5890153050,0.0000000000
0.4066884220,0.3471628428,0.0000000000
0.9708619714,0.7620294094,1.0000000000
0.6397998929,0.4273976386,0.0000000000
1.9725052118,1.5085611343,0.0000000000
1.1145578623,1.7411193848,0.0000000000
0.0816504657,0.3240989447,0.0000000000
0.7566079497,0.4544843137,0.0000000000
1.0109568834,1.2333005667,1.0000000000
0.6198089123,1.2765172720,0.0000000000
0.0981338173,1.6851214170,0.0000000000
0.4772491753,0.9206173420,0.0000000000
1.1278461218,0.3577246368,0.0000000000
1.8351335526,0.7332332730,0.0000000000
1.4726818800,0.4084960520,0.0000000000
0.2329623848,1.4775543213,0.0000000000
0.0992252454,0.1759972125,0.0000000000
0.5057284236,1.2275315523,0.0000000000
1.5528295040,0.7863690257,0.0000000000
1.2563991547,0.7235885859,1.0000000000
0.4289860427,0.3621895313,0.0000000000
0.9691898227,0.2007326931,0.0000000000
0.1544029117,0.3249139488,0.0000000000
0.2271602601,0.6913986802,0.0000000000
0.6057215929,0.0368785262,0.0000000000
1.4343475103,0.6016688943,0.0000000000
0.1051868871,0.8653974533,0.0000000000
1.4342286587,0.1987614185,0.0000000000
0.4411632717,1.4564962387,0.0000000000
1.7540761232,0.1465090662,0.0000000000
0.2021519691,1.5543036461,0.0000000000
1.6845121384,0.3889665604,0.0000000000
0.2712438405,0.3316039741,0.0000000000
1.7474602461,0.4411741793,0.0000000000
0.5805549622,0.5906246305,0.0000000000
1.1853033304,1.9070982933,0.0000000000
1.3361903429,1.6259624958,0.0000000000
0.0065311668,1.8693213463,0.0000000000
1.5754997730,1.7232582569,0.0000000000
0.7693015933,1.1442202330,1.0000000000
0.5323712230,0.2020801902,0.0000000000
1.1810150146,1.8348020315,0.0000000000
0.6689289808,0.5360123515,0.0000000000
1.4596334696,0.5255837440,0.0000000000
1.2264037132,1.6160542965,0.0000000000
1.2301074266,1.7574344873,0.0000000000
1.0995409489,0.9763649702,1.0000000000
1.5019570589,0.9076654911,0.0000000000
1.3030480146,1.1393311024,1.0000000000
1.3036493063,1.5757998228,0.0000000000
0.7657964826,0.9835171700,1.0000000000
1.1286427975,0.0887529552,0.0000000000
0.6464974284,1.6328711510,0.0000000000
1.1569200754,1.6384749413,0.0000000000
0.6645378470,1.8766301870,0.0000000000
1.9069218636,1.0080096722,0.0000000000
1.8775063753,0.2601809800,0.0000000000
0.0767123699,1.7316788435,0.0000000000
1.7008867264,1.6350800991,0.0000000000
1.9882119894,0.5528123975,0.0000000000
0.1067478061,1.6776678562,0.0000000000
1.2740088701,0.7712314129,1.0000000000
1.1701145172,1.2077656984,1.0000000000
1.5517723560,1.4505021572,0.0000000000
1.8827621937,1.9243651628,0.0000000000
1.9322501421,0.1482220143,0.0000000000
0.2059225589,1.7950490713,0.0000000000
1.4444335699,1.8397389650,0.0000000000
1.1891235113,1.3892410994,1.0000000000
1.4464416504,0.2169858217,0.0000000000
0.4804925025,0.4079055190,0.0000000000
1.1815752983,0.7136075497,1.0000000000
1.4821002483,1.9077192545,0.0000000000
1.1093908548,1.2881137133,1.0000000000
1.5261887312,1.4532058239,0.0000000000
0.5868046284,1.0148885250,1.0000000000
0.8678445816,1.5810936689,0.0000000000
1.4266954660,1.0688402653,1.0000000000
0.0709235668,1.4040371180,0.0000000000
1.2453162670,1.7575056553,0.0000000000
0.9169211388,1.2233352661,1.0000000000
0.3189276755,0.3695403337,0.0000000000
0.2387225479,0.5512223840,0.0000000000
1.2946643829,1.4088625908,0.0000000000
0.5580111146,0.5111296773,0.0000000000
1.0714970827,1.3972623348,1.0000000000
0.5740312338,0.2629607320,0.0000000000
0.7227386236,0.9635923505,1.0000000000
1.6654882431,0.1436877102,0.0000000000
1.0649232864,0.8739550710,1.0000000000
1.8271973133,0.2095059156,0.0000000000
0.1007635817,1.3968801498,0.0000000000
0.5335568190,0.2429036200,0.0000000000
1.5636667013,1.5150583982,0.0000000000
1.9462794065,1.9821466208,0.0000000000
0.2076448351,0.2371669859,0.0000000000
1.4491589069,0.2260367125,0.0000000000
1.1231199503,1.3098276854,1.0000000000
0.2659929693,0.1926379204,0.0000000000
0.1503399312,1.5650337934,0.0000000000
0.6827502251,0.1015048251,0.0000000000
0.0913185626,0.0420217477,0.0000000000
0.0820810422,0.9889450073,0.0000000000
0.5694252849,0.3836787343,0.0000000000
1.6655176878,0.4407885969,0.0000000000
0.9940358996,1.0176836252,1.0000000000
1.1292783022,1.1804102659,1.0000000000
1.4805649519,1.9682165384,0.0000000000
0.2594678402,0.1648330837,0.0000000000
1.4037654400,0.7715193033,0.0000000000
1.7370470762,1.2213618755,0.0000000000
0.5640542507,1.5992145538,0.0000000000
0.4128206968,0.4187389314,0.0000000000
0.1036607772,1.6185535192,0.0000000000
1.1631479263,0.6134542227,1.0000000000
0.7106371522,0.8929805756,1.0000000000
0.9691704512,1.3277183771,1.0000000000
0.1520173699,1.0143110752,0.0000000000
0.2416910380,1.9569349289,0.0000000000
1.7891645432,1.5743291378,0.0000000000
0.9421210289,1.1974542141,1.0000000000
1.3039171696,0.9724201560,1.0000000000
1.7621711493,0.0455387272,0.0000000000
1.5900772810,1.8982146978,0.0000000000
1.5427358150,0.4980116785,0.0000000000
0.8379181623,1.3377989531,1.0000000000
0.8844945431,0.8181284070,1.0000000000
1.6448657513,1.2239376307,0.0000000000
1.6827467680,0.7986690402,0.0000000000
0.9110795259,1.5605202913,0.0000000000
1.6276574135,1.7131873369,0.0000000000
1.4128385782,1.1213185787,1.0000000000
1.0620108843,1.9163426161,0.0000000000
1.3068876266,0.4788156450,0.0000000000
0.9984619021,0.8455944061,1.0000000000
0.0849034414,1.7981913090,0.0000000000
0.0365392528,0.4904014468,0.0000000000
0.8055753112,0.0175127070,0.0000000000
0.6525470018,1.6852833033,0.0000000000
0.0969590172,1.4703407288,0.0000000000
1.4829367399,0.6159198284,0.0000000000
1.5106643438,1.0603864193,0.0000000000
0.3803343773,1.1518129110,0.0000000000
0.7605190873,1.7395949364,0.0000000000
0.1909665614,0.9645048380,0.0000000000
1.5229824781,0.4901238382,0.0000000000
0.3438376188,1.0880080462,0.0000000000
1.4062992334,0.1736141890,0.0000000000
0.2268196344,0.8653808832,0.0000000000
1.9167765379,1.8727838993,0.0000000000
1.1102650166,0.6492999792,1.0000000000
0.7657472491,0.7381852269,1.0000000000
1.3539272547,1.5300079584,0.0000000000
1.4124422073,0.8460401297,1.0000000000
1.5866291523,1.0528681278,0.0000000000
1.0241341591,1.8160904646,0.0000000000
0.5711498857,1.1259287596,1.0000000000
1.4477095604,0.2524907589,0.0000000000
0.3325795531,0.6998137832,0.0000000000
1.6560304165,0.9733293653,0.0000000000
0.5474081635,0.4755164683,0.0000000000
0.5164732933,1.7805058956,0.0000000000
1.0162048340,0.8084008694,1.0000000000
1.5216485262,0.1867995113,0.0000000000
1.6339533329,1.3386765718,0.0000000000
1.5468435287,0.3654673696,0.0000000000
1.4808084965,1.5823395252,0.0000000000
1.2306259871,0.0559299141,0.0000000000
1.7326729298,1.6105682850,0.0000000000
1.9911856651,1.8572083712,0.0000000000
0.2793205380,0.1536526978,0.0000000000
1.9166140556,1.7095575333,0.0000000000
1.1774417162,1.7241470814,0.0000000000
1.4904000759,0.7904606462,0.0000000000
1.6729135513,0.6778188944,0.0000000000
0.1798213571,0.9175712466,0.0000000000
1.5613849163,1.0578720570,0.0000000000
1.5826736689,1.9901329279,0.0000000000
1.9852147102,0.5014078021,0.0000000000
1.8704890013,1.7198138237,0.0000000000
1.8463380337,0.3799770772,0.0000000000
0.6293225288,0.8519588113,1.0000000000
0.1569806635,0.8985056281,0.0000000000
1.4483094215,1.4761689901,0.0000000000
1.9051196575,0.3003664315,0.0000000000
0.9790133238,1.7740093470,0.0000000000
0.3880591393,0.3785530031,0.0000000000
0.6885622740,1.9848991632,0.0000000000
0.3314047456,0.2557193637,0.0000000000
1.3647848368,0.7634283304,1.0000000000
0.1966583133,0.0573330075,0.0000000000
1.1514137983,1.8616354465,0.0000000000
0.5852339268,0.5045265555,0.0000000000
0.7322660685,1.0803672075,1.0000000000
1.3209667206,1.3194673061,0.0000000000
1.7329959869,0.8427091837,0.0000000000
1.5083535910,1.6529023647,0.0000000000
0.2435899377,0.3969193697,0.0000000000
1.8927758932,0.3131158054,0.0000000000
0.7501108646,1.0057008266,1.0000000000
1.4342056513,0.3461549878,0.0000000000
1.6378368139,1.2260568142,0.0000000000
0.2718429267,0.7743562460,0.0000000000
1.3805272579,1.2131257057,1.0000000000
0.5972813964,1.0927680731,1.0000000000
0.9969826937,1.6078869104,0.0000000000
0.5547382236,1.8848211765,0.0000000000
0.5825793743,0.4351960421,0.0000000000
1.3908926249,1.3651350737,0.0000000000
0.8844622970,1.7182304859,0.0000000000
0.3062334359,1.5589368343,0.0000000000
1.9291189909,1.4683188200,0.0000000000
1.4944926500,0.1257051677,0.0000000000
0.5471289754,0.3120710254,0.0000000000
0.4560365975,0.5026885271,0.0000000000
0.4173631370,1.5838160515,0.0000000000
0.5857517719,1.4864990711,0.0000000000
1.4899278879,1.7977905273,0.0000000000
1.8346738815,1.9654079676,0.0000000000
0.9320060611,1.8555636406,0.0000000000
1.8409330845,1.7546346188,0.0000000000
1.1690917015,1.8179467916,0.0000000000
0.7138071060,1.9010740519,0.0000000000
1.9832707644,1.8507910967,0.0000000000
1.4677289724,0.3787108064,0.0000000000
0.7393288612,1.5034704208,0.0000000000
1.5620681047,1.9131093025,0.0000000000
0.7028468847,0.6605687737,0.0000000000
0.5382564068,0.8887062669,0.0000000000
1.8417373896,0.8962193131,0.0000000000
1.2212469578,1.3087846041,1.0000000000
0.1418225914,1.8632892370,0.0000000000
1.1632189751,0.5759555101,0.0000000000
1.9812866449,1.7045354843,0.0000000000
0.5256552696,0.4363958836,0.0000000000
0.7850645185,0.8021957874,1.0000000000
1.5280789137,0.6305310130,0.0000000000
1.7420109510,1.8474469185,0.0000000000
1.0689958334,1.2870228291,1.0000000000
0.9835885763,1.3434351683,1.0000000000
0.1625905037,1.0337328911,0.0000000000
0.1532256007,0.3329036534,0.0000000000
1.5280576944,0.1166589484,0.0000000000
1.5310468674,1.8911824226,0.0000000000
0.8459268808,1.4776335955,0.0000000000
0.4900957644,0.1927950829,0.0000000000
0.5886182785,1.6266582012,0.0000000000
1.3612767458,1.1505134106,1.0000000000
1.1742058992,0.3796672523,0.0000000000
0.5048284531,0.7410292029,0.0000000000
1.3573877811,1.3911516666,0.0000000000
1.8163276911,1.2244935036,0.0000000000
1.1240302324,0.0022733929,0.0000000000
0.0414618589,0.3947705328,0.0000000000
0.3665501773,1.7810381651,0.0000000000
1.7699220181,1.6947779655,0.0000000000
1.3647377491,0.0248279274,0.0000000000
1.0783900023,1.9664067030,0.0000000000
0.4080710411,0.1893249899,0.0000000000
0.9538100362,0.8623182774,1.0000000000
1.1237865686,1.1405535936,1.0000000000
0.1483923197,0.1464457810,0.0000000000
0.2269499898,1.7650619745,0.0000000000
0.9346734285,0.7942214608,1.0000000000
1.8134254217,1.8539507389,0.0000000000
0.6706216335,0.7804222703,1.0000000000
1.5673707724,0.9638043046,0.0000000000
0.6714716554,1.5887911320,0.0000000000
1.2397654057,0.5012028813,0.0000000000
1.0920103788,1.9334498644,0.0000000000
0.4263487458,1.6780292988,0.0000000000
0.6656410098,0.6137620211,0.0000000000
0.2658059597,1.8256657124,0.0000000000
0.3561469316,1.9640862942,0.0000000000
0.1855051816,1.1927299500,0.0000000000
1.0786240101,1.8942369223,0.0000000000
1.0355879068,1.5813472271,0.0000000000
1.3398696184,0.7554714680,1.0000000000
0.9899088740,1.1917207241,1.0000000000
0.8457094431,0.5426060557,0.0000000000
0.2176702619,0.4960067570,0.0000000000
0.4739846289,0.3833488822,0.0000000000
1.4417934418,0.0589938797,0.0000000000
0.6584370136,0.9213249683,1.0000000000
1.2812534571,0.3593294621,0.0000000000
1.5745154619,1.5751754045,0.0000000000
0.2405611873,1.6078691483,0.0000000000
0.6765535474,1.0303485394,1.0000000000
1.4295146465,1.7045720816,0.0000000000
1.3974872828,0.5992458463,0.0000000000
0.0639410540,1.9397292137,0.0000000000
0.4562740624,1.0079541206,0.0000000000
0.1823500246,1.4772975445,0.0000000000
0.7095063925,0.5779561996,0.0000000000
1.8746025562,0.3961489201,0.0000000000
1.6606262922,1.0158206224,0.0000000000
0.5587558150,0.9977430701,1.0000000000
0.6532315016,1.5990144014,0.0000000000
0.2691797614,0.8053987622,0.0000000000
1.0018907785,1.6558251381,0.0000000000
0.2638257444,0.8765851259,0.0000000000
0.3803693950,1.4128553867,0.0000000000
0.7073106170,1.1215393543,1.0000000000
0.4916835129,0.0208418388,0.0000000000
0.6449452639,0.1393613070,0.0000000000
1.9577311277,0.9620476365,0.0000000000
0.6192377806,0.9191204309,1.0000000000
0.5810503364,1.8891192675,0.0000000000
1.2181186676,0.2919995785,0.0000000000
1.4652665854,1.5720504522,0.0000000000
1.1145595312,0.4295215607,0.0000000000
1.1323032379,1.1907782555,1.0000000000
0.1508717239,0.1811938435,0.0000000000
0.3343893290,1.6808074713,0.0000000000
1.6752543449,0.4624639452,0.0000000000
1.4220250845,0.9983351231,1.0000000000
0.0775384530,1.6814717054,0.0000000000
1.1132103205,0.1020044759,0.0000000000
1.2604548931,0.3899430335,0.0000000000
0.3760599196,1.5475347042,0.0000000000
1.6521662474,0.4108480811,0.0000000000
1.5278980732,0.5318428278,0.0000000000
0.5603783727,1.6444582939,0.0000000000
1.1021416187,1.1175483465,1.0000000000
0.3470887244,1.3005945683,0.0000000000
0.4564520717,1.5191876888,0.0000000000
1.0883423090,0.4238185585,0.0000000000
0.7487316728,1.7571355104,0.0000000000
1.8985139132,0.0195814129,0.0000000000
1.1061954498,0.8374529481,1.0000000000
1.9457646608,0.7551953793,0.0000000000
1.5182286501,0.1741592139,0.0000000000
0.2992054224,1.2624297142,0.0000000000
1.7994115353,0.4457419217,0.0000000000
1.9512228966,1.5772880316,0.0000000000
0.7020823359,1.0213546753,1.0000000000
1.3373048306,1.1816658974,1.0000000000
0.7873291969,0.2183917463,0.0000000000
1.8166813850,1.4571462870,0.0000000000
0.6814545989,0.7167176008,1.0000000000
0.8390882015,0.6038125753,1.0000000000
0.9620894194,0.5724825263,1.0000000000
1.3311450481,1.3240398169,0.0000000000
1.0290414095,1.1149505377,1.0000000000
0.6372762322,0.5719076395,0.0000000000
1.1999371052,1.5533913374,0.0000000000
0.2542428970,1.7658668756,0.0000000000
0.0845205709,1.1555227041,0.0000000000
1.0843731165,0.7246000767,1.0000000000
1.8831396103,1.6466699839,0.0000000000
1.2884360552,1.9579936266,0.0000000000
1.4103540182,1.7204111814,0.0000000000
0.7231472135,1.8894010782,0.0000000000
1.0622990131,0.2557244003,0.0000000000
0.7813076973,0.9633166790,1.0000000000
0.0541609824,1.5785034895,0.0000000000
1.4884347916,0.9978532195,0.0000000000
1.3931096792,1.8336294889,0.0000000000
1.6945770979,0.6207290292,0.0000000000
0.9090837836,1.8607771397,0.0000000000
0.1109721214,1.5444413424,0.0000000000
0.1103896052,0.4402156472,0.0000000000
1.1385505199,1.5502800941,0.0000000000
0.4659216702,0.8095946908,0.0000000000
0.3382366896,1.8122652769,0.0000000000
1.6599377394,1.0118519068,0.0000000000
0.1039850414,0.7730193138,0.0000000000
0.7592867613,0.0245847274,0.0000000000
1.7876543999,1.0954691172,0.0000000000
0.7241775393,0.1872091591,0.0000000000
1.4995845556,1.9700888395,0.0000000000
0.2761348188,1.9741880894,0.0000000000
0.1914368868,0.9745206237,0.0000000000
0.8475168347,0.2225034535,0.0000000000
0.2553524673,0.2505711615,0.0000000000
0.0006303575,0.4656887650,0.0000000000
1.2511544228,1.2719813585,1.0000000000
0.3218465447,1.6794143915,0.0000000000
1.7861094475,0.1148623526,0.0000000000
1.1315474510,0.3988914192,0.0000000000
1.4722760916,0.2726223767,0.0000000000
0.5464738011,0.5610193014,0.0000000000
1.5968321562,1.8339345455,0.0000000000
1.3841637373,0.2781978250,0.0000000000
0.3738486469,1.4931335449,0.0000000000
0.7492076159,0.7435510159,1.0000000000
1.2922515869,0.6520522237,0.0000000000
0.8000141382,0.3743387759,0.0000000000
1.7356232405,0.1955274194,0.0000000000
1.3995356560,0.6154931188,0.0000000000
0.6577312946,1.0892888308,1.0000000000
0.7446305156,1.4354102612,0.0000000000
1.8384656906,0.4296610057,0.0000000000
0.8987829685,0.9055871964,1.0000000000
0.1759125739,0.5088346004,0.0000000000
1.5862051249,1.4873669147,0.0000000000
1.1052218676,0.6874533296,1.0000000000
0.6556119323,0.0946717262,0.0000000000
0.1285924166,0.4345948398,0.0000000000
0.0022289662,0.3838323653,0.0000000000
1.0202581882,0.9365453124,1.0000000000
1.1637784243,0.9366145730,1.0000000000
0.9730601907,1.7177106142,0.0000000000
0.5288381577,1.3542219400,0.0000000000
1.6902959347,1.3310840130,0.0000000000
0.5432246327,1.1740913391,0.0000000000
0.9223948121,0.9957740307,1.0000000000
0.0617079884,0.3311587274,0.0000000000
1.0545506477,1.2598417997,1.0000000000
0.8433492780,1.4854252338,0.0000000000
1.1444965601,1.6660702229,0.0000000000
1.1609466076,1.3380919695,1.0000000000
0.0590700172,0.4393533170,0.0000000000
0.3528664708,1.0769166946,0.0000000000
1.9768333435,1.5539630651,0.0000000000
0.7909353971,1.2585301399,1.0000000000
0.9613450170,0.3213310242,0.0000000000
0.1145602316,1.6371325254,0.0000000000
0.9968031049,0.1524305791,0.0000000000
0.9519744515,1.6276074648,0.0000000000
0.2490433753,1.4332708120,0.0000000000
1.3736405373,1.8162064552,0.0000000000
1.5321103334,0.0297257155,0.0000000000
1.1821982861,1.6186746359,0.0000000000
0.2278027833,0.7334317565,0.0000000000
0.6769922972,1.1596584320,1.0000000000
0.6447845697,1.6540182829,0.0000000000
1.8379437923,1.9990098476,0.0000000000
1.5059657097,1.0202682018,0.0000000000
0.8150965571,1.5940009356,0.0000000000
1.3960845470,1.5194684267,0.0000000000
1.6200865507,1.3433730602,0.0000000000
1.8144897223,1.4698354006,0.0000000000
0.5582633615,0.2808889449,0.0000000000
1.3122017384,1.6820182800,0.0000000000
1.9267174006,0.0639017075,0.0000000000
1.5721676350,1.5707134008,0.0000000000
1.3554008007,1.3788312674,0.0000000000
0.2584497631,0.7922140360,0.0000000000
0.9197306633,0.5282227397,0.0000000000
0.5112432837,1.4505206347,0.0000000000
0.1568740159,0.6102781892,0.0000000000
0.6473309994,0.7161968350,0.0000000000
0.3894611597,0.0639870465,0.0000000000
0.5050390959,0.7287830114,0.0000000000
1.3523859978,1.8456009626,0.0000000000
0.7238633633,1.8750786781,0.0000000000
0.1691165119,1.3232697248,0.0000000000
0.1552830487,1.6738542318,0.0000000000
0.6713176966,0.6782269478,0.0000000000
0.7688155174,1.0815535784,1.0000000000
0.6360781193,1.6488447189,0.0000000000
1.8637160063,1.9943150282,0.0000000000
1.5542556047,0.2234753370,0.0000000000
0.7513044477,0.0262020882,0.0000000000
1.1281282902,1.7299872637,0.0000000000
1.0775426626,1.0646084547,1.0000000000
1.2568881512,1.1145272255,1.0000000000
1.5847109556,1.5845125914,0.0000000000
1.4605487585,1.6732915640,0.0000000000
0.2434770763,1.7947982550,0.0000000000
1.5530853271,0.7890316248,0.0000000000
0.2190015316,0.7443727255,0.0000000000
1.3971478939,1.2961398363,0.0000000000
0.2326519191,0.4149872363,0.0000000000
1.8000873327,0.1224003062,0.0000000000
1.6458537579,1.4674131870,0.0000000000
0.9419949055,1.1521819830,1.0000000000
1.5128357410,1.8460489511,0.0000000000
1.6278971434,1.2802199125,0.0000000000
0.0280814581,1.1818490028,0.0000000000
1.6332179308,0.4347552657,0.0000000000
0.6319229603,1.3284904957,0.0000000000
1.0388743877,1.0666496754,1.0000000000
0.3720444441,1.7332954407,0.0000000000
1.1667037010,1.8588962555,0.0000000000
0.4408647418,0.3294882178,0.0000000000
1.3942731619,0.6350029707,0.0000000000
1.2503014803,1.5109664202,0.0000000000
0.2416110784,0.5904263258,0.0000000000
0.1728226393,0.2199498713,0.0000000000
0.5620405674,1.1851519346,0.0000000000
0.0547990724,0.1247319132,0.0000000000
1.4856806993,1.9308586121,0.0000000000
1.5354998112,1.7136956453,0.0000000000
1.5765588284,0.0401203036,0.0000000000
0.5451755524,0.7367454767,0.0000000000
1.4341626167,1.3154736757,0.0000000000
0.0207776073,1.7021605968,0.0000000000
1.6634104252,1.4503580332,0.0000000000
0.6342774034,1.4698699713,0.0000000000
0.9482158422,0.3855657279,0.0000000000
1.8342229128,0.8532195687,0.0000000000
1.7612814903,1.5897679329,0.0000000000
1.8909624815,0.8459908962,0.0000000000
0.4823644459,1.4943176508,0.0000000000
0.3653036952,0.8432381749,0.0000000000
0.6248086095,1.4313563108,0.0000000000
1.7596828938,0.8715464473,0.0000000000
0.3929892480,1.9742753506,0.0000000000
0.4624971151,0.5818266273,0.0000000000
0.2091845721,1.5527135134,0.0000000000
1.3249677420,0.8540958762,1.0000000000
1.7787201405,0.1934924424,0.0000000000
0.3707397282,1.4254910946,0.0000000000
0.3215259612,0.9960204959,0.0000000000
0.9615653753,0.8801117539,1.0000000000
1.1832145452,0.8734161854,1.0000000000
1.0669560432,1.1884195805,1.0000000000
0.5824074745,1.4022550583,0.0000000000
0.1073246673,0.8379318714,0.0000000000
0.6857671738,1.3915228844,0.0000000000
1.8308237791,0.1356166899,0.0000000000
0.9902118444,0.6280799508,1.0000000000
1.2383512259,1.7152285576,0.0000000000
1.5831811428,0.6260401607,0.0000000000
0.5245965719,0.0194050837,0.0000000000
0.5846934319,1.0025103092,1.0000000000
1.0637078285,0.0141953183,0.0000000000
1.4177505970,1.9699155092,0.0000000000
1.7646969557,1.8637765646,0.0000000000
1.2909240723,0.5838814378,0.0000000000
0.7089590430,0.2242576927,0.0000000000
0.5076158643,0.6409472823,0.0000000000
0.1289734542,0.9047148824,0.0000000000
0.0134742381,0.1133427843,0.0000000000
0.5165671706,0.6410020590,0.0000000000
0.9400799274,0.2123595029,0.0000000000
1.8141210079,0.5777945518,0.0000000000
1.9331314564,0.4608511627,0.0000000000
0.8186964989,0.8787594438,1.0000000000
1.1694034338,0.1244614869,0.0000000000
0.3760731518,0.9469593167,0.0000000000
1.5836726427,1.8768588305,0.0000000000
1.4034563303,0.2704150081,0.0000000000
0.2978840172,1.1654479504,0.0000000000
0.9597879052,1.0015447140,1.0000000000
0.6410807371,1.6894336939,0.0000000000
1.3730105162,1.7581247091,0.0000000000
0.5199064016,0.0569170415,0.0000000000
1.9847528934,1.4323068857,0.0000000000
1.1785309315,1.6122205257,0.0000000000
0.4611142278,1.9059833288,0.0000000000
0.3392092288,0.2242984921,0.0000000000
1.3648916483,1.2077761889,1.0000000000
1.5927455425,0.3714070320,0.0000000000
1.6020841599,0.6755433679,0.0000000000
1.5572525263,0.0068734186,0.0000000000
0.8157255054,0.5491657853,0.0000000000
0.6321483850,0.9414848089,1.0000000000
0.7035748363,1.3381099701,0.0000000000
0.7044765353,1.9651412964,0.0000000000
1.6381973028,1.4661734104,0.0000000000
1.0623602867,1.4719480276,0.0000000000
1.0282841921,0.8131307960,1.0000000000
1.3769241571,0.0760047436,0.0000000000
1.6298809052,0.2905052304,0.0000000000
1.8280413151,1.7401907444,0.0000000000
1.5972446203,1.3020323515,0.0000000000
1.7245036364,0.5469359756,0.0000000000
1.6435025930,1.3061927557,0.0000000000
0.6998383999,1.0850633383,1.0000000000
1.3489834070,1.5985946655,0.0000000000
0.5163365602,0.9617304206,0.0000000000
1.1395634413,1.6543580294,0.0000000000
1.1667139530,1.0420465469,1.0000000000
1.3590629101,0.3307580352,0.0000000000
0.3136898577,1.4335118532,0.0000000000
1.1973237991,0.4851112962,0.0000000000
0.2502576709,0.1256340593,0.0000000000
1.2446932793,1.9836734533,0.0000000000
1.2708094120,1.1664828062,1.0000000000
0.5651046038,0.6641780734,0.0000000000
1.5041632652,1.7817494869,0.0000000000
1.0568605661,0.9240908027,1.0000000000
1.4059760571,1.1855366230,1.0000000000
0.3538884223,0.8673902154,0.0000000000
1.4146069288,0.3423792124,0.0000000000
1.8030081987,1.7259550095,0.0000000000
0.6104337573,1.4250490665,0.0000000000
1.6453342438,1.8449087143,0.0000000000
1.4842544794,0.3422948122,0.0000000000
1.0373216867,1.5695728064,0.0000000000
0.4176847339,0.3867867887,0.0000000000
1.8192765713,0.6292676926,0.0000000000
0.0572030582,0.1131111011,0.0000000000
0.7372208238,1.4272525311,0.0000000000
0.0028785483,1.9173315763,0.0000000000
0.0081742387,1.4382314682,0.0000000000
1.5694904327,1.7948168516,0.0000000000
1.8313444853,1.4278579950,0.0000000000
1.0565506220,0.5576428771,1.0000000000
1.4345593452,0.4750298858,0.0000000000
1.6638542414,1.3208292723,0.0000000000
1.0542564392,0.0409849994,0.0000000000
0.5924665928,1.6428987980,0.0000000000
1.1505891085,0.9529834390,1.0000000000
0.3727544844,1.4276878834,0.0000000000
1.1851805449,1.8796278238,0.0000000000
1.7601933479,1.9559037685,0.0000000000
0.2938829064,0.8858833909,0.0000000000
0.0140015865,0.0692670792,0.0000000000
0.9277990460,0.6477445960,1.0000000000
1.1232382059,1.2058206797,1.0000000000
0.0287671182,1.8932051659,0.0000000000
1.2589043379,0.3352077305,0.0000000000
0.4017592967,0.5197649598,0.0000000000
1.2026908398,0.2781631947,0.0000000000
0.5741165280,0.5896540880,0.0000000000
0.2905381322,1.6581121683,0.0000000000
1.9857701063,0.9530947804,0.0000000000
1.6224148273,0.3848223984,0.0000000000
0.1508958340,1.9061312675,0.0000000000
1.9015387297,0.5088327527,0.0000000000
1.0645245314,0.3826046586,0.0000000000
0.7017446756,0.3924828172,0.0000000000
0.7716201544,0.5072119832,0.0000000000
1.9007573128,0.2372948974,0.0000000000
1.6476157904,1.4768241644,0.0000000000
1.1230670214,1.5632191896,0.0000000000
1.6123303175,0.6487101316,0.0000000000
1.8157001734,0.8370137215,0.0000000000
0.4300633371,0.9212355018,0.0000000000
0.2842801511,1.0863287449,0.0000000000
1.7263216972,1.5486756563,0.0000000000
0.2340033501,0.2237887681,0.0000000000
1.0948163271,1.7364190817,0.0000000000
0.5874181986,1.2953045368,0.0000000000
1.6861603260,0.2906749845,0.0000000000
0.3724073172,0.8496237993,0.0000000000
0.0135865035,0.6396941543,0.0000000000
0.6031263471,0.3808783889,0.0000000000
1.5138990879,1.4714992046,0.0000000000
1.6806911230,0.5705732703,0.0000000000
0.1865517497,1.2779115438,0.0000000000
1.0457056761,0.6921947002,1.0000000000
1.2367050648,0.2619086206,0.0000000000
1.0275685787,0.1604075283,0.0000000000
1.1300015450,0.0270501189,0.0000000000
1.8754506111,1.1160249710,0.0000000000
1.3751583099,1.1580688953,1.0000000000
1.6438828707,0.1382073760,0.0000000000
0.4531666934,1.6430199146,0.0000000000
1.5968294144,0.0223027002,0.0000000000
1.4772287607,0.0290454831,0.0000000000
1.7609021664,1.9135526419,0.0000000000
0.7262949347,1.1363660097,1.0000000000
1.9528824091,1.3230434656,0.0000000000
1.9634305239,1.0307610035,0.0000000000
1.6890079975,1.2444547415,0.0000000000
0.3939468563,1.3228718042,0.0000000000
0.8707512021,0.6675543189,1.0000000000
1.3506401777,0.4077362120,0.0000000000
1.6660749912,1.8731294870,0.0000000000
0.9605039954,0.4740618467,0.0000000000
1.7346065044,0.1408978403,0.0000000000
1.8593165874,0.8269958496,0.0000000000
0.1195009723,0.0722317547,0.0000000000
1.5471980572,0.7631199956,0.0000000000
1.8027611971,1.9960505962,0.0000000000
1.6388005018,1.5220830441,0.0000000000
0.7383443713,1.7080513239,0.0000000000
0.7340717912,1.4256509542,0.0000000000
0.5017791390,1.0510520935,0.0000000000
1.7568008900,1.9245105982,0.0000000000
1.0180102587,1.0716819763,1.0000000000
0.0111312335,1.2846181393,0.0000000000
1.6883541346,1.5076401234,0.0000000000
1.9367266893,0.0360108316,0.0000000000
1.9588112831,1.6876577139,0.0000000000
0.6498782039,0.1627431214,0.0000000000
0.2949997485,0.0855383649,0.0000000000
0.2609171271,1.6839654446,0.0000000000
1.1887539625,0.1406652331,0.0000000000
1.6595225334,1.6491452456,0.0000000000
1.7323127985,0.7113433480,0.0000000000
1.0314376354,0.8322697282,1.0000000000
1.6548103094,1.4338834286,0.0000000000
1.8627916574,0.4617446065,0.0000000000
0.3716721535,1.5903636217,0.0000000000
1.4962798357,1.6867381334,0.0000000000
0.8871905804,1.3788549900,1.0000000000
0.4862693846,0.7336316109,0.0000000000
1.0744347572,1.0295287371,1.0000000000
0.2794958055,1.3621993065,0.0000000000
1.1101850271,0.2289805710,0.0000000000
0.7754193544,0.0877386332,0.0000000000
1.6163078547,1.0783251524,0.0000000000
1.4582749605,0.3874049485,0.0000000000
0.2097244412,0.3546118438,0.0000000000
0.1240002811,1.8282983303,0.0000000000
1.1874696016,1.1125472784,1.0000000000
0.2715321779,1.0294165611,0.0000000000
0.9059983492,0.4857725501,0.0000000000
0.8294795156,0.3418751359,0.0000000000
0.7374425530,1.5629693270,0.0000000000
0.9765969515,0.5422855616,0.0000000000
0.2117799670,0.8757509589,0.0000000000
1.5938979387,0.9351885319,0.0000000000
1.0859615803,1.6215584278,0.0000000000
1.6491837502,1.7951754332,0.0000000000
1.7490297556,1.2953064442,0.0000000000
1.4766412973,1.3612918854,0.0000000000
0.7145904303,1.3339480162,1.0000000000
0.3700571954,0.3611021638,0.0000000000
1.4217258692,1.2233178616,0.0000000000
1.8433446884,1.7735314369,0.0000000000
1.3378952742,0.9611053467,1.0000000000
0.4975668788,1.1083292961,0.0000000000
1.8382694721,0.4265580177,0.0000000000
0.7775235772,1.1185685396,1.0000000000
1.2552495003,0.4605266750,0.0000000000
0.4453784823,1.1972377300,0.0000000000
0.3528153896,0.5591033697,0.0000000000
0.0084493877,0.9639547467,0.0000000000
1.0640469790,0.6695037484,1.0000000000
1.8644022942,1.9982006550,0.0000000000
0.9218254089,1.4610878229,0.0000000000
1.8962578773,1.8282570839,0.0000000000
0.8281029463,1.3790297508,1.0000000000
0.7081177831,1.9338368177,0.0000000000
0.2664002478,1.0540062189,0.0000000000
0.2655416727,1.6891952753,0.0000000000
1.0548601151,0.2519219220,0.0000000000
1.3506022692,1.3818148375,0.0000000000
1.2544379234,1.1016007662,1.0000000000
1.8245425224,1.0135427713,0.0000000000
1.0465326309,1.2843533754,1.0000000000
1.2910746336,0.1115516201,0.0000000000
1.6346883774,0.3086388707,0.0000000000
0.9748475552,0.8922002316,1.0000000000
0.0399949029,0.0984323695,0.0000000000
0.6631670594,1.9656856060,0.0000000000
0.5469844341,1.7688391209,0.0000000000
0.9471563101,0.8052670956,1.0000000000
1.2230008841,1.5746830702,0.0000000000
1.4257391691,0.8521462679,0.0000000000
1.1667723656,1.3262033463,1.0000000000
1.7512854338,0.8545164466,0.0000000000
0.7116463184,0.6954059601,1.0000000000
0.7765340805,1.3841679096,1.0000000000
1.2720364332,1.5173541307,0.0000000000
1.1274217367,1.3214899302,1.0000000000
1.0479876995,1.7139340639,0.0000000000
1.7286837101,0.7309905887,0.0000000000
1.1999322176,0.9378691316,1.0000000000
0.3743089736,0.3752312958,0.0000000000
1.0170818567,0.1274538785,0.0000000000
1.1136053801,1.5032818317,0.0000000000
1.7517322302,0.6254020929,0.0000000000
0.3839114308,1.2336410284,0.0000000000
1.7058744431,0.8570277095,0.0000000000
0.0663369969,1.4429378510,0.0000000000
1.1854388714,0.6695728898,1.0000000000
1.3188484907,0.2836939394,0.0000000000
1.1256690025,0.9867830276,1.0000000000
1.5575342178,1.1665859222,0.0000000000
0.8721854687,0.5670046210,0.0000000000
0.8632158041,1.5581916571,0.0000000000
0.6512227058,1.3618227243,0.0000000000
0.1509371996,0.9832099080,0.0000000000
0.6632028818,1.8187142611,0.0000000000
1.8083013296,0.5553651452,0.0000000000
1.4097105265,0.8308953047,1.0000000000
1.0901029110,1.2392455339,1.0000000000
1.0797066689,0.5914088488,1.0000000000
1.5939965248,1.4107344151,0.0000000000
1.9358340502,0.8357782960,0.0000000000
0.7958656549,1.3139864206,1.0000000000
1.5938994884,1.3265448809,0.0000000000
0.0379864313,1.1285467148,0.0000000000
0.4300935864,0.5585414767,0.0000000000
0.5382436514,0.8646021485,0.0000000000
1.5421285629,1.0556499958,0.0000000000
1.3422565460,0.7632195354,1.0000000000
0.4618053734,0.5073735714,0.0000000000
0.4445154667,0.4140326977,0.0000000000
0.2247186005,0.0159273054,0.0000000000
1.8715028763,1.6198704243,0.0000000000
1.5019161701,0.0376941115,0.0000000000
0.3517909050,0.8715019226,0.0000000000
0.6640484929,1.0112035275,1.0000000000
1.4245190620,0.9679059982,1.0000000000
1.7267923355,0.1257050484,0.0000000000
1.5429933071,0.5254711509,0.0000000000
0.2159128338,1.7438070774,0.0000000000
1.3691866398,1.8796275854,0.0000000000
1.2537304163,0.4062510133,0.0000000000
0.3812499940,0.9271990657,0.0000000000
0.4478565156,0.2112506032,0.0000000000
0.6098749042,0.3946665823,0.0000000000
1.7895355225,1.7553840876,0.0000000000
1.8430583477,1.5227270126,0.0000000000
0.2773539424,0.7537783980,0.0000000000
1.5421016216,0.4954139888,0.0000000000
1.1486856937,1.6369841099,0.0000000000
0.8492701650,1.4000821114,1.0000000000
1.1118509769,0.6293067932,1.0000000000
0.5540421605,1.2164362669,0.0000000000
0.9199686646,0.8670828342,1.0000000000
1.8942902088,0.3816094697,0.0000000000
1.3558670282,0.7776930928,1.0000000000
1.9432283640,0.4041204751,0.0000000000
1.2588934898,0.1508512944,0.0000000000
0.0894667208,0.1459112912,0.0000000000
1.5887243748,1.2837790251,0.0000000000
0.5417535901,0.4285983741,0.0000000000
0.3562355638,0.6657394767,0.0000000000
1.5110294819,0.5824430585,0.0000000000
0.6799858809,0.1503193080,0.0000000000
1.0207769871,0.8427370191,1.0000000000
0.5225614905,0.7992688417,0.0000000000
1.8997629881,1.6138451099,0.0000000000
0.2345248163,1.7621350288,0.0000000000
0.2718153000,0.5485588908,0.0000000000
1.8532675505,0.2024959773,0.0000000000
1.7259802818,0.4864917099,0.0000000000
0.3148180842,0.1255417764,0.0000000000
1.0940835476,0.0694505498,0.0000000000
1.3596718311,1.5990313292,0.0000000000
1.0489337444,0.8641892076,1.0000000000
0.3647096157,0.1738929451,0.0000000000
0.2431758791,0.1931699514,0.0000000000
0.0576542020,1.3810046911,0.0000000000
0.9421017170,0.7491989732,1.0000000000
0.9712864161,0.9186834693,1.0000000000
0.5788695216,0.6316161156,0.0000000000
0.4692456424,1.3164429665,0.0000000000
0.0172622055,0.2850064039,0.0000000000
1.1427593231,1.4225654602,1.0000000000
1.1267745495,1.7695593834,0.0000000000
0.5542346239,0.5515636206,0.0000000000
0.1407638937,0.9097284079,0.0000000000
1.0031366348,1.0304764509,1.0000000000
1.7545104027,0.7633013129,0.0000000000
1.0596500635,1.4620347023,0.0000000000
0.5685177445,1.2328563929,0.0000000000
1.6720342636,1.1524862051,0.0000000000
1.5657213926,1.7745254040,0.0000000000
0.5267398953,1.6743782759,0.0000000000
0.3354927897,1.0111379623,0.0000000000
0.0505358092,0.7947363853,0.0000000000
0.9814425707,0.3632511497,0.0000000000
1.8304485083,1.3226481676,0.0000000000
0.3934122324,1.6760978699,0.0000000000
0.7205497622,0.2993836701,0.0000000000
0.3325414062,1.1167328358,0.0000000000
1.3428670168,0.6201410890,0.0000000000
1.6683028936,0.0381239876,0.0000000000
1.5686447620,1.9548995495,0.0000000000
1.2346466780,1.5657019615,0.0000000000
0.9708281159,1.8797724247,0.0000000000
1.2186695337,0.4965507388,0.0000000000
0.9396855235,1.6254001856,0.0000000000
0.7991977930,0.6007344723,1.0000000000
1.7933983803,0.4663002789,0.0000000000
0.8452031612,1.7704780102,0.0000000000
1.4057848454,1.2946844101,0.0000000000
1.8671369553,1.6424658298,0.0000000000
1.7652000189,0.6847410202,0.0000000000
0.5424271822,1.1786435843,0.0000000000
1.1220054626,0.8516825438,1.0000000000
0.4036331475,1.5490461588,0.0000000000
1.5604786873,0.6900352240,0.0000000000
0.5905461907,1.9909129143,0.0000000000
1.1966149807,0.9836717844,1.0000000000
1.9072334766,1.4911841154,0.0000000000
1.8539307117,1.1795583963,0.0000000000
1.7527904510,1.8298810720,0.0000000000
1.0077321529,1.9060473442,0.0000000000
0.0995971113,1.2608461380,0.0000000000
0.2387789935,0.4203246236,0.0000000000
0.0597943589,1.6759967804,0.0000000000
0.9777802825,0.4114656150,0.0000000000
1.3098766804,1.0220948458,1.0000000000
0.0209993292,1.2767509222,0.0000000000
1.3595839739,0.2806973159,0.0000000000
1.1659173965,0.3288970590,0.0000000000
0.4414449036,0.5333978534,0.0000000000
0.5070266128,1.4018760920,0.0000000000
0.5813242793,1.1432906389,1.0000000000
1.0733697414,1.0029404163,1.0000000000
0.6638242006,0.9847427011,1.0000000000
1.8002803326,0.6624160409,0.0000000000
1.9723626375,0.5978599191,0.0000000000
1.8455766439,0.7890538573,0.0000000000
0.1949749142,0.8015961647,0.0000000000
1.6204278469,1.5251510143,0.0000000000
1.4862953424,0.1235400513,0.0000000000
1.5560488701,1.9226597548,0.0000000000
0.0968254432,1.3217270374,0.0000000000
0.2010254860,1.1338431835,0.0000000000
0.4250144362,1.1270246506,0.0000000000
0.9614027739,0.7035299540,1.0000000000
1.9948626757,1.9197664261,0.0000000000
0.1158344597,0.0857820660,0.0000000000
1.8368526697,1.8147914410,0.0000000000
0.3040391803,1.7174593210,0.0000000000
1.8596992493,0.4007679224,0.0000000000
0.1982640028,0.5602996349,0.0000000000
1.7838788033,1.4628573656,0.0000000000
0.6669334769,0.2648871839,0.0000000000
0.4710366726,1.3541898727,0.0000000000
1.3666381836,0.2297169417,0.0000000000
1.7216616869,0.8098672032,0.0000000000
1.3832534552,0.5216985345,0.0000000000
1.9742895365,1.1612247229,0.0000000000
0.3343673348,0.4588606954,0.0000000000
0.4517466426,1.7971479893,0.0000000000
1.1998099089,1.9438878298,0.0000000000
1.5754150152,0.5449473262,0.0000000000
1.0413827896,1.0359219313,1.0000000000
1.0970276594,0.7350535989,1.0000000000
0.0721448362,0.2104887515,0.0000000000
0.9690220952,1.4939175844,0.0000000000
0.0046928120,1.6528120041,0.0000000000
1.9438253641,0.2533296347,0.0000000000
1.3803346157,1.7285730839,0.0000000000
1.3938082457,0.1262637377,0.0000000000
1.3603887558,0.4984124899,0.0000000000
0.6329169869,1.4437506199,0.0000000000
0.7627660632,1.8635286093,0.0000000000
1.2206312418,0.4922536910,0.0000000000
1.4428466558,0.8660607934,0.0000000000
1.0549610853,0.1969501674,0.0000000000
1.7642127275,0.8779198527,0.0000000000
1.1324861050,0.8941550851,1.0000000000
1.4809954166,1.5158572197,0.0000000000
1.3040597439,0.0770617276,0.0000000000
1.7465157509,1.3721703291,0.0000000000
0.4901974201,0.1295199096,0.0000000000
1.7907185555,0.8348460197,0.0000000000
1.9276591539,1.2216775417,0.0000000000
0.2497058511,1.1254374981,0.0000000000
1.2690010071,1.1571685076,1.0000000000
1.5973145962,0.4338677526,0.0000000000
0.3385820389,1.5749813318,0.0000000000
0.9521827102,1.5424187183,0.0000000000
0.0556047000,0.9889340997,0.0000000000
1.0963151455,0.4955985248,0.0000000000
0.4127599001,1.1170352697,0.0000000000
0.3063188195,0.7187259793,0.0000000000
1.3108291626,0.4172041714,0.0000000000
1.5446233749,1.7313939333,0.0000000000
1.8238083124,1.1549123526,0.0000000000
0.7206504345,1.1331526041,1.0000000000
1.7933392525,0.6176064014,0.0000000000
0.8650397062,1.9997901917,0.0000000000
0.8283143044,1.6606650352,0.0000000000
1.5273977518,0.9608197808,0.0000000000
0.8985010386,0.2246977240,0.0000000000
1.8716022968,1.8166980743,0.0000000000
1.2332569361,1.4149882793,0.0000000000
1.7309464216,0.7087649107,0.0000000000
1.4484134912,1.9648346901,0.0000000000
0.7370048761,0.7103120685,1.0000000000
0.0067675663,0.7150087953,0.0000000000
0.7373186946,1.3252136707,1.0000000000
0.6479548216,1.9777823687,0.0000000000
0.3340677917,1.9169708490,0.0000000000
0.2080005854,1.0616027117,0.0000000000
0.8214307427,0.5184845328,0.0000000000
1.6818034649,0.3816307485,0.0000000000
0.6276667118,0.1080461666,0.0000000000
0.8385260701,0.7556065321,1.0000000000
1.9930577278,1.8768311739,0.0000000000
0.8482164741,1.6285537481,0.0000000000
0.8206114769,0.3110355139,0.0000000000
0.4760742188,1.1587741375,0.0000000000
1.9814103842,1.0142679214,0.0000000000
0.3150946796,1.4428645372,0.0000000000
0.2709414363,0.9963766932,0.0000000000
1.4980455637,0.5273289680,0.0000000000
0.9205141068,0.3219124973,0.0000000000
1.3152292967,1.8607211113,0.0000000000
1.8600636721,0.7876570225,0.0000000000
1.3583437204,1.5242466927,0.0000000000
1.1518031359,1.7100583315,0.0000000000
0.4438816905,0.7137553096,0.0000000000
1.0745944977,0.8618860841,1.0000000000
0.1549179554,0.0482225753,0.0000000000
1.1099812984,0.5833414793,1.0000000000
0.7611282468,0.7042135596,1.0000000000
0.7070963979,0.8391468525,1.0000000000
0.3068792522,0.5554934740,0.0000000000
1.4169789553,0.0549141131,0.0000000000
0.6885311604,0.3090814948,0.0000000000
0.5952306390,1.2503238916,0.0000000000
1.2419717312,0.3288546205,0.0000000000
0.7255312800,1.7151048183,0.0000000000
1.7131388187,0.4155056477,0.0000000000
1.6790596247,1.2516732216,0.0000000000
0.8537052274,1.0549275875,1.0000000000
0.1250898987,1.5297850370,0.0000000000
1.1229827404,1.0546064377,1.0000000000
0.7550131083,0.0367321931,0.0000000000
1.7141575813,1.4484255314,0.0000000000
1.6644161940,1.9514850378,0.0000000000
1.1935577393,1.1410757303,1.0000000000
1.1120156050,0.5370756984,0.0000000000
1.2323207855,0.8023261428,1.0000000000
0.8666638732,0.7905128598,1.0000000000
1.9188603163,0.9931950569,0.0000000000
1.1127425432,1.5031144619,0.0000000000
0.9747337699,1.5018202066,0.0000000000
1.1251873970,0.4843734801,0.0000000000
1.2673392296,0.8141875267,1.0000000000
0.5947941542,0.6088361740,0.0000000000
0.7814267874,1.4815202951,0.0000000000
0.8993147016,0.8211250305,1.0000000000
0.1849970371,0.6477720141,0.0000000000
1.9832001925,0.5185661912,0.0000000000
0.3850801885,1.1978534460,0.0000000000
0.7072553635,1.9434409142,0.0000000000
1.4474656582,1.6966944933,0.0000000000
0.9939245582,0.9524050951,1.0000000000
0.5991138816,0.9341396689,1.0000000000
1.7023940086,1.0818191767,0.0000000000
1.9668951035,1.7278711796,0.0000000000
1.6542464495,1.6646827459,0.0000000000
0.6606167555,0.8941879869,1.0000000000
0.0589477681,1.7418345213,0.0000000000
0.6173109412,1.0230778456,1.0000000000
0.1806259155,0.3285456598,0.0000000000
1.4589877129,1.7526956797,0.0000000000
1.1775462627,1.8215905428,0.0000000000
1.6118550301,1.1516855955,0.0000000000
1.5736489296,1.5516277552,0.0000000000
0.5156579614,1.6794523001,0.0000000000
0.2286254019,0.7859453559,0.0000000000
1.7170727253,1.0413953066,0.0000000000
1.2041198015,1.4069089890,0.0000000000
0.1973336786,1.4715410471,0.0000000000
0.1234303489,1.2788866758,0.0000000000
0.6096594930,1.8996942043,0.0000000000
0.4992002845,0.8614310622,0.0000000000
0.5259852409,0.3308631778,0.0000000000
1.2316964865,1.6140897274,0.0000000000
1.0701543093,1.6940375566,0.0000000000
0.9288729429,0.7923773527,1.0000000000
1.0818631649,0.8884340525,1.0000000000
0.1360705346,1.1345388889,0.0000000000
1.3762149811,0.6859358549,0.0000000000
1.8566306829,1.1109014750,0.0000000000
1.8430285454,1.7237831354,0.0000000000
1.3145021200,0.3272316754,0.0000000000
1.2653778791,0.6234027147,0.0000000000
0.2588814199,0.7700664997,0.0000000000
1.7669124603,0.2969599366,0.0000000000
1.6729227304,0.4464538097,0.0000000000
0.5857200623,1.9861038923,0.0000000000
1.6213715076,1.1182982922,0.0000000000
1.1560938358,1.6955575943,0.0000000000
0.8787317276,1.7642461061,0.0000000000
0.9622141123,1.0996826887,1.0000000000
0.9832914472,1.4267258644,1.0000000000
1.9413503408,1.8183559179,0.0000000000
0.1133234948,0.0816145092,0.0000000000
0.1472226232,0.3463002145,0.0000000000
1.4790366888,1.0003808737,0.0000000000
0.0326467417,1.9271465540,0.0000000000
0.7639548182,0.6274285913,1.0000000000
0.4361114800,1.7837088108,0.0000000000
0.2559778392,1.6319326162,0.0000000000
0.4990671873,1.9672626257,0.0000000000
1.8957760334,1.5548170805,0.0000000000
1.9275355339,1.8999079466,0.0000000000
0.9604151845,0.8808214664,1.0000000000
0.0740915760,1.0073657036,0.0000000000
1.8130863905,1.8437023163,0.0000000000
0.5361719728,1.2048350573,0.0000000000
1.9929468632,0.3931802809,0.0000000000
1.7478541136,1.9324815273,0.0000000000
0.9015262127,0.9901691675,1.0000000000
0.6709654331,0.4856982827,0.0000000000
1.5474755764,1.6345587969,0.0000000000
1.3602006435,1.9548884630,0.0000000000
0.1726852655,1.6485753059,0.0000000000
1.4819455147,1.7726345062,0.0000000000
0.9245777130,1.9891388416,0.0000000000
0.1454266310,0.0485269576,0.0000000000
1.1708396673,0.5921533108,1.0000000000
0.7530229688,1.2952554226,1.0000000000
0.6553004980,1.2168306112,1.0000000000
0.8712921143,1.4923628569,0.0000000000
0.6718686819,0.9519168139,1.0000000000
1.9287257195,0.6252934337,0.0000000000
0.3504027724,1.4145956039,0.0000000000
0.3421692252,1.4491697550,0.0000000000
1.1587953568,1.1001331806,1.0000000000
0.5883924961,0.7021439672,0.0000000000
0.3710857332,1.1182549000,0.0000000000
1.6375111341,0.4546240866,0.0000000000
0.9262593985,1.3471935987,1.0000000000
1.7198802233,0.4374903142,0.0000000000
1.7331664562,0.1771261841,0.0000000000
1.4396978617,0.4853545427,0.0000000000
1.8153810501,0.3635324240,0.0000000000
1.0138984919,0.8304892182,1.0000000000
0.0186148901,1.4769369364,0.0000000000
1.5081282854,1.9503771067,0.0000000000
1.3849133253,0.5470998883,0.0000000000
1.0932674408,1.7681851387,0.0000000000
0.4956366122,0.7149017453,0.0000000000
0.6926450133,1.8319412470,0.0000000000
1.9364671707,1.9246387482,0.0000000000
1.4183883667,1.5739881992,0.0000000000
1.5937159061,0.3604081571,0.0000000000
1.1422879696,1.0867699385,1.0000000000
1.8111079931,1.4622676373,0.0000000000
0.7505108714,1.6714649200,0.0000000000
0.5264606476,1.3710931540,0.0000000000
1.3701001406,0.0383295454,0.0000000000
1.6745660305,0.1725801677,0.0000000000
0.5527952909,0.9664431810,0.0000000000
1.5130242109,0.9743573666,0.0000000000
0.4757312536,0.3894427717,0.0000000000
1.8103575706,1.3817965984,0.0000000000
1.1319003105,0.6143957973,1.0000000000
0.9067095518,0.4330766797,0.0000000000
1.3256385326,0.6216973066,0.0000000000
0.6810352206,0.5110625029,0.0000000000
0.1243646666,0.0482029840,0.0000000000
1.9081128836,1.6441644430,0.0000000000
0.1145131662,1.6066813469,0.0000000000
0.5027475953,0.9687072039,0.0000000000
1.9082747698,1.7707930803,0.0000000000
1.7965103388,0.6211613417,0.0000000000
0.0008722652,1.8249915838,0.0000000000
1.9736111164,0.7039594054,0.0000000000
0.1614012122,1.5922284126,0.0000000000
0.3710494637,0.7722753286,0.0000000000
0.3217386007,0.8569169641,0.0000000000
0.8709909916,0.7911907434,1.0000000000
1.7210444212,1.7477923632,0.0000000000
1.6926393509,1.2527794838,0.0000000000
1.4468040466,0.2354574203,0.0000000000
1.8328026533,0.6211743355,0.0000000000
1.5538141727,0.9785103202,0.0000000000
0.4552297294,1.6812602282,0.0000000000
0.7359709144,0.6467680931,1.0000000000
0.6543064117,0.6909088492,0.0000000000
0.2588988543,1.7940790653,0.0000000000
0.4885658026,0.9302869439,0.0000000000
1.6199741364,0.8319625854,0.0000000000
0.2762566507,1.8807572126,0.0000000000
1.1843761206,0.0154455015,0.0000000000
1.9704202414,0.3766123950,0.0000000000
0.1946640909,1.1056299210,0.0000000000
1.4972370863,1.0397968292,0.0000000000
1.0601737499,0.7903326750,1.0000000000
0.3168355525,0.6622273922,0.0000000000
0.9905290604,0.1677585989,0.0000000000
0.8890392184,0.9370407462,1.0000000000
0.6475211382,0.9377232790,1.0000000000
1.6076436043,0.8729160428,0.0000000000
0.1612334251,1.6003022194,0.0000000000
0.5195881724,0.8581455946,0.0000000000
0.3425690234,0.4107092917,0.0000000000
1.4893780947,1.0258290768,0.0000000000
0.0990237072,0.8647724986,0.0000000000
1.0473800898,1.0446830988,1.0000000000
1.4640563726,1.3770550489,0.0000000000
1.8364264965,0.1160761043,0.0000000000
0.7302713990,1.6376634836,0.0000000000
0.5311349034,0.6322585940,0.0000000000
0.3349915445,1.2775514126,0.0000000000
1.7314305305,1.7946660519,0.0000000000
1.3978220224,1.3939486742,0.0000000000
0.4552127719,0.0306638721,0.0000000000
0.7700707912,0.4635902047,0.0000000000
1.0792526007,0.2519907355,0.0000000000
0.6913120747,1.5337173939,0.0000000000
0.2369105071,1.3312935829,0.0000000000
0.8749358654,1.3089332581,1.0000000000
0.1143621430,0.9886673093,0.0000000000
0.4683741629,0.0596434847,0.0000000000
1.2998996973,1.4459472895,0.0000000000
0.1566337049,1.3972142935,0.0000000000
1.9626867771,1.2162146568,0.0000000000
1.3915988207,1.0089459419,1.0000000000
0.0526801795,1.7559469938,0.0000000000
0.8606295586,1.7724044323,0.0000000000
0.0252788439,0.8402057290,0.0000000000
1.9133571386,0.8402822614,0.0000000000
1.2999004126,0.3367469013,0.0000000000
1.4311965704,0.3860003948,0.0000000000
0.6485199332,1.5937341452,0.0000000000
1.7161581516,1.0016704798,0.0000000000
0.4846114516,1.0737066269,0.0000000000
0.5658422709,0.5826419592,0.0000000000
0.6248336434,0.4695868790,0.0000000000
1.5502659082,1.4973992109,0.0000000000
1.7410156727,0.2101489305,0.0000000000
1.4033415318,0.3482480943,0.0000000000
1.4801434278,1.9040511847,0.0000000000
0.1274054796,0.9940495491,0.0000000000
0.6306765079,0.7588174939,1.0000000000
0.5471949577,0.5519459248,0.0000000000
1.8694908619,0.0928305238,0.0000000000
1.4467240572,0.8031063676,0.0000000000
1.6847218275,1.7554752827,0.0000000000
1.9555850029,0.1257995069,0.0000000000
0.4602076113,0.7442939878,0.0000000000
0.3436788321,0.7410250902,0.0000000000
1.2722529173,0.2841230333,0.0000000000
1.1978921890,1.9028102160,0.0000000000
1.4345519543,1.7146084309,0.0000000000
1.2030475140,1.1311076880,1.0000000000
0.4541800618,0.8758157492,0.0000000000
0.1513938606,1.0053327084,0.0000000000
0.9445589781,1.9992221594,0.0000000000
1.4317067862,0.5600105524,0.0000000000
1.8987764120,1.7481002808,0.0000000000
0.1935226768,0.5233282447,0.0000000000
0.8085564375,0.0216053873,0.0000000000
0.7241924405,0.2175714672,0.0000000000
0.2590157092,0.1398617178,0.0000000000
0.0860709250,0.7577158213,0.0000000000
0.9480674863,0.5991258621,1.0000000000
1.4701602459,0.2516268194,0.0000000000
1.2209358215,0.0656768903,0.0000000000
1.0781805515,1.2891145945,1.0000000000
1.1237058640,0.9833198190,1.0000000000
0.8583462238,1.1049352884,1.0000000000
1.3126984835,0.3794265985,0.0000000000
1.5923868418,0.0312391911,0.0000000000
1.5682047606,1.4260468483,0.0000000000
1.3152049780,1.4017238617,0.0000000000
1.3325439692,0.0587455034,0.0000000000
0.2413486689,1.2008756399,0.0000000000
1.9533475637,1.0372262001,0.0000000000
0.2541879117,1.1862137318,0.0000000000
1.8575248718,0.3055785000,0.0000000000
0.4930523336,0.8046170473,0.0000000000
1.6653351784,1.9462740421,0.0000000000
0.6986144185,1.7578340769,0.0000000000
1.0758146048,0.6539143920,1.0000000000
1.7042684555,0.6905820966,0.0000000000
0.2020528764,0.8342186213,0.0000000000
0.2898830771,1.6448277235,0.0000000000
1.3743599653,1.9920718670,0.0000000000
0.9135729074,0.5147035718,0.0000000000
0.0695867017,0.0064757760,0.0000000000
1.4774434566,1.4486068487,0.0000000000
1.8054958582,1.1219370365,0.0000000000
1.8794717789,0.2951341867,0.0000000000
1.4028588533,0.3502689898,0.0000000000
0.5260055661,0.0907505378,0.0000000000
1.1714820862,1.4679052830,0.0000000000
0.7901865840,1.4178349972,0.0000000000
0.9662333727,0.3413384855,0.0000000000
0.6350224614,0.0031289759,0.0000000000
1.3502625227,0.7088586688,0.0000000000
1.6064943075,1.0035026073,0.0000000000
0.4310939014,0.1399665028,0.0000000000
1.8480650187,1.0565850735,0.0000000000
1.3304622173,0.1294487715,0.0000000000
0.4758971930,0.8613695502,0.0000000000
0.7585150003,1.9148803949,0.0000000000
0.3591732085,0.8518318534,0.0000000000
0.9318949580,1.1507023573,1.0000000000
0.9464895725,0.2423425764,0.0000000000
1.6877639294,0.0045109331,0.0000000000
1.6827640533,0.8223029971,0.0000000000
0.3434761167,1.6554145813,0.0000000000
1.0855901241,0.7890679240,1.0000000000
1.7002745867,1.2095755339,0.0000000000
1.5278818607,0.3147962987,0.0000000000
0.7337481380,1.7192074060,0.0000000000
0.4197445214,0.5416559577,0.0000000000
0.0588278435,0.1687135696,0.0000000000
0.4115535617,1.4282144308,0.0000000000
1.2497253418,0.1478973329,0.0000000000
0.0640388876,1.8247555494,0.0000000000
1.9748870134,1.9532752037,0.0000000000
0.2085892558,1.6564849615,0.0000000000
0.9686805606,1.9695357084,0.0000000000
0.5516300201,0.1189625710,0.0000000000
0.5817360878,1.8469095230,0.0000000000
0.4545336664,0.7717772722,0.0000000000
0.5420209169,0.7201383114,0.0000000000
0.5945125818,0.2589706182,0.0000000000
0.8773316145,0.1253381968,0.0000000000
0.4248349667,1.3046454191,0.0000000000
1.6889714003,0.2583653927,0.0000000000
1.7440103292,1.7672700882,0.0000000000
1.6294795275,0.6237148046,0.0000000000
1.2177208662,0.4075080454,0.0000000000
0.2226727158,1.5775704384,0.0000000000
1.2461222410,1.2427517176,1.0000000000
0.1880472451,0.8496153355,0.0000000000
1.2017706633,0.8867647648,1.0000000000
1.3154070377,0.2327270657,0.0000000000
1.2736512423,0.0216286499,0.0000000000
1.6623826027,0.3430833220,0.0000000000
0.0807567090,0.2241135985,0.0000000000
0.3945575953,0.1703628153,0.0000000000
0.0992896333,0.2190694809,0.0000000000
1.4137872458,1.5505840778,0.0000000000
1.5645015240,0.3946875632,0.0000000000
1.5891485214,1.7246925831,0.0000000000
1.7733342648,1.4470070601,0.0000000000
1.8146270514,0.9637512565,0.0000000000
0.5969921350,0.2644858956,0.0000000000
0.1844614595,0.3740730584,0.0000000000
1.0238589048,1.8828133345,0.0000000000
1.9667047262,0.0539863333,0.0000000000
1.7538110018,1.8164994717,0.0000000000
0.0180908553,1.5042496920,0.0000000000
0.1454810947,1.4697300196,0.0000000000
1.9177694321,0.8957889080,0.0000000000
0.4701875448,1.3676888943,0.0000000000
0.8807684779,1.4848966599,0.0000000000
0.0937192738,0.1398338675,0.0000000000
1.9157805443,0.3477669656,0.0000000000
0.4140680730,0.0988541245,0.0000000000
0.9523869157,1.5001457930,0.0000000000
1.4526414871,1.8545540571,0.0000000000
0.7248095274,0.6243926883,0.0000000000
1.7743453979,1.6157511473,0.0000000000
1.9221013784,1.2667955160,0.0000000000
0.0646180511,1.0854430199,0.0000000000
0.0506830923,1.3091367483,0.0000000000
0.4879220724,1.7751059532,0.0000000000
0.7435050011,1.1019223928,1.0000000000
0.0967844576,0.7464681864,0.0000000000
0.9111875892,0.0838213339,0.0000000000
0.2222824991,0.7278121114,0.0000000000
1.3189897537,1.3528705835,0.0000000000
1.3618345261,0.9769904613,1.0000000000
1.8998758793,1.9958014488,0.0000000000
1.5835034847,0.3560308814,0.0000000000
1.7799948454,0.3477491736,0.0000000000
1.8002128601,1.7513148785,0.0000000000
1.9588550329,0.0668245703,0.0000000000
1.5643714666,1.5701544285,0.0000000000
0.0819930881,0.2943814099,0.0000000000
1.6551694870,0.4547853172,0.0000000000
0.9872305393,0.9861928225,1.0000000000
1.0751571655,1.5753753185,0.0000000000
0.3551148474,0.3424071968,0.0000000000
1.9781606197,0.1267651767,0.0000000000
0.6951875091,0.5164151788,0.0000000000
0.6030424833,1.3391180038,0.0000000000
0.2656465173,1.8303951025,0.0000000000
1.5617516041,0.0080244923,0.0000000000
0.1162341908,0.7875875831,0.0000000000
1.7230052948,0.7462089062,0.0000000000
0.8872421980,1.1641541719,1.0000000000
0.3715029061,0.4524041116,0.0000000000
1.2933948040,0.5754688978,0.0000000000
0.3185653090,0.3971151412,0.0000000000
0.6640252471,0.8447357416,1.0000000000
0.1259656101,1.7074424028,0.0000000000
1.8760139942,0.1041613594,0.0000000000
0.2946834564,0.3488919437,0.0000000000
0.0158729162,0.1831499338,0.0000000000
1.1653594971,0.0614719875,0.0000000000
0.7158403993,1.0650562048,1.0000000000
0.8016756773,0.9716697335,1.0000000000
1.1865497828,1.4599211216,0.0000000000
0.7257268429,1.0714235306,1.0000000000
1.0316200256,1.6008514166,0.0000000000
1.3531934023,0.0791598260,0.0000000000
0.0291524772,1.7686554193,0.0000000000
1.8424543142,0.4973265231,0.0000000000
0.8328081965,0.4524147511,0.0000000000
1.0044888258,0.1499639153,0.0000000000
0.7410308123,1.7850604057,0.0000000000
0.2054864764,1.4534674883,0.0000000000
1.6854385138,1.7394267321,0.0000000000
0.9536397457,0.5117008090,0.0000000000
1.6015363932,1.6119866371,0.0000000000
1.8587493896,1.6972151995,0.0000000000
1.0837624073,1.9499070644,0.0000000000
0.7667001486,1.1914093494,1.0000000000
0.6349968910,0.0453253500,0.0000000000
0.4777702093,0.4610484242,0.0000000000
0.1492623687,1.4297873974,0.0000000000
1.9613642693,1.6501287222,0.0000000000
1.0971821547,1.2874413729,1.0000000000
0.8945715427,0.8040495515,1.0000000000
0.2842730284,1.5482854843,0.0000000000
0.3987959325,1.6968451738,0.0000000000
0.6829038262,1.9245051146,0.0000000000
0.7631607652,1.4454870224,0.0000000000
0.6346656084,1.8375254869,0.0000000000
1.8337012529,1.3068910837,0.0000000000
0.9550457597,1.2789882421,1.0000000000
1.3341521025,1.9568971395,0.0000000000
0.4180982411,0.7732631564,0.0000000000
1.5891362429,1.0068603754,0.0000000000
0.1567181945,1.9188547134,0.0000000000
0.8315927386,0.8469829559,1.0000000000
1.9796243906,0.3960261643,0.0000000000
0.3695045114,1.2854325771,0.0000000000
0.1990254372,0.6517751813,0.0000000000
1.5881927013,0.6796560884,0.0000000000
0.4194687605,1.1274617910,0.0000000000
0.4898654819,1.4981451035,0.0000000000
1.1858354807,1.3573745489,1.0000000000
0.4859037697,1.1042050123,0.0000000000
0.2660048604,1.2084027529,0.0000000000
1.1599526405,0.9127952456,1.0000000000
0.8618961573,1.8270155191,0.0000000000
1.4873925447,0.9153811336,0.0000000000
1.2565577030,0.7514728308,1.0000000000
0.0006547820,0.3480207920,0.0000000000
1.3528532982,0.6681137681,0.0000000000
1.7218855619,1.6577547789,0.0000000000
0.1851637363,1.1171749830,0.0000000000
1.0400451422,0.0196972303,0.0000000000
1.1187525988,1.7191914320,0.0000000000
1.6410006285,1.0780906677,0.0000000000
1.4900557995,1.9518362284,0.0000000000
1.8852390051,0.1290997118,0.0000000000
0.9443574548,1.0948162079,1.0000000000
1.6865814924,0.1075367406,0.0000000000
1.2333279848,1.3530628681,1.0000000000
0.5147809982,0.2351925671,0.0000000000
0.6864420772,0.8208717704,1.0000000000
0.8727611899,0.6507198811,1.0000000000
0.2003467977,0.9551181197,0.0000000000
1.2454121113,1.8987560272,0.0000000000
0.9185705185,0.3470373750,0.0000000000
1.6257734299,1.1542351246,0.0000000000
0.8869161606,0.3025604188,0.0000000000
0.4562966824,1.7045181990,0.0000000000
1.8554719687,1.2236819267,0.0000000000
0.0035201164,1.0701615810,0.0000000000
0.6427900195,1.6632548571,0.0000000000
0.1680749208,0.0543677993,0.0000000000
0.9280730486,0.5559588075,0.0000000000
1.7625912428,0.4703390896,0.0000000000
0.9913448095,1.7355258465,0.0000000000
0.4075010717,0.4354925454,0.0000000000
1.1858782768,1.3101929426,1.0000000000
1.4724849463,1.4659736156,0.0000000000
0.6997866035,1.2614310980,1.0000000000
1.1992087364,0.4297947884,0.0000000000
0.8856602311,1.7382756472,0.0000000000
1.3525834084,1.4790886641,0.0000000000
1.5640735626,0.7026755810,0.0000000000
0.7007544041,0.4081174433,0.0000000000
0.5074083805,0.2769896984,0.0000000000
1.2983288765,0.6340469122,0.0000000000
0.4000169933,1.5377435684,0.0000000000
1.7277514935,0.7464442253,0.0000000000
1.2484461069,0.0651446655,0.0000000000
1.5003421307,0.0641395077,0.0000000000
0.5164462924,0.1104446501,0.0000000000
1.4533969164,1.9113051891,0.0000000000
1.1386508942,0.0125606349,0.0000000000
0.2904784679,1.7694770098,0.0000000000
0.5167814493,1.7153385878,0.0000000000
0.7921513319,0.6633846760,1.0000000000
0.5527918935,0.5696225166,0.0000000000
0.2045188248,1.6722617149,0.0000000000
1.9583591223,0.2119165212,0.0000000000
0.9094389677,1.0075103045,1.0000000000
0.6332515478,1.0860739946,1.0000000000
1.5126316547,1.5861625671,0.0000000000
1.7722972631,1.0102113485,0.0000000000
0.9485938549,1.2696624994,1.0000000000
1.7724952698,0.7830461860,0.0000000000
0.7299256921,1.1982610226,1.0000000000
1.0930665731,0.6301472783,1.0000000000
1.6334649324,0.1146384254,0.0000000000
0.9882894754,0.1149864197,0.0000000000
1.6253005266,1.5316433907,0.0000000000
1.5459808111,1.3566769361,0.0000000000
1.4607732296,0.0195842925,0.0000000000
1.6008182764,0.8520638943,0.0000000000
0.7579716444,0.7344220281,1.0000000000
0.7067760825,1.6785426140,0.0000000000
0.5199102163,1.3120676279,0.0000000000
0.9066688418,1.2300506830,1.0000000000
1.6513404846,0.0925227106,0.0000000000
1.1154325008,1.1635617018,1.0000000000
0.5760586262,1.9029421806,0.0000000000
0.7850652933,0.4222802222,0.0000000000
1.2276093960,1.5244383812,0.0000000000
1.2242391109,1.5078330040,0.0000000000
1.7965335846,1.7756854296,0.0000000000
0.5021559000,1.7478717566,0.0000000000
0.9365586638,0.3967817724,0.0000000000
1.2926098108,1.2067519426,1.0000000000
1.4157512188,1.6184656620,0.0000000000
0.7338620424,0.0952218100,0.0000000000
1.2307361364,0.7744855285,1.0000000000
1.3011765480,1.5921722651,0.0000000000
1.1058318615,0.7792949080,1.0000000000
1.4225986004,0.5817152262,0.0000000000
0.7657918930,1.7901932001,0.0000000000
0.5310588479,0.2661062479,0.0000000000
0.5624554157,0.5426913500,0.0000000000
1.1818186045,0.5898913145,0.0000000000
1.8081691265,0.2058702558,0.0000000000
0.9754747152,1.1590255499,1.0000000000
0.5949010253,1.9838699102,0.0000000000
0.8379772902,0.5763474703,0.0000000000
0.3206013739,1.7119451761,0.0000000000
0.5901570320,0.2795322239,0.0000000000
1.2555210590,0.6892107129,1.0000000000
1.9054392576,0.6966158152,0.0000000000
1.9108598232,0.6656940579,0.0000000000
0.1977615207,0.0291173421,0.0000000000
0.4804518521,0.2258926779,0.0000000000
0.7958238721,0.7994287014,1.0000000000
1.5147967339,1.2933013439,0.0000000000
1.4118237495,0.2868098319,0.0000000000
1.0810146332,1.2208801508,1.0000000000
0.0672250763,0.7863907814,0.0000000000
1.0506581068,1.4223291874,1.0000000000
0.4602706134,1.5809692144,0.0000000000
1.9897979498,1.8601406813,0.0000000000
1.3982288837,1.2907048464,0.0000000000
1.8107696772,1.7031279802,0.0000000000
0.8256549239,1.0084654093,1.0000000000
1.7658568621,0.6578116417,0.0000000000
1.8367068768,0.7689747810,0.0000000000
0.6822209358,1.7112282515,0.0000000000
0.0446129404,0.1048258692,0.0000000000
0.0891523063,1.0546370745,0.0000000000
1.3725680113,0.0332262851,0.0000000000
0.5681028962,0.4578579962,0.0000000000
0.9402168989,1.2764444351,1.0000000000
1.8781983852,0.9018347263,0.0000000000
1.3862869740,1.7491050959,0.0000000000
1.9500939846,0.3997974396,0.0000000000
0.2730298042,1.2948294878,0.0000000000
1.7977501154,1.7020484209,0.0000000000
1.3441780806,0.4403741062,0.0000000000
1.8526507616,1.5415402651,0.0000000000
1.7168823481,0.6736566424,0.0000000000
0.3136754334,0.3473903239,0.0000000000
1.8037236929,1.6788877249,0.0000000000
0.1619916260,0.1512389779,0.0000000000
1.0504790545,0.9646192789,1.0000000000
0.9662368894,0.2357672453,0.0000000000
1.5667096376,0.5661645532,0.0000000000
0.5175976157,1.6894454956,0.0000000000
1.7495998144,1.5464407206,0.0000000000
0.3963005841,1.3750147820,0.0000000000
0.3400927186,0.2664261758,0.0000000000
1.1828173399,1.7914721966,0.0000000000
1.6642305851,1.6626071930,0.0000000000
0.5657818317,0.8455410004,0.0000000000
1.1416343451,0.9982244968,1.0000000000
0.0143255936,1.0438593626,0.0000000000
1.4283596277,0.0160613079,0.0000000000
0.0425867252,1.0567210913,0.0000000000
1.5970050097,1.7345440388,0.0000000000
0.5126512051,0.6528148651,0.0000000000
0.4488752484,1.8683505058,0.0000000000
1.3561918736,1.8650435209,0.0000000000
0.9440512061,0.2929363847,0.0000000000
1.8243744373,1.3038550615,0.0000000000
0.7906864285,0.0484117791,0.0000000000
0.0117031429,0.5758743882,0.0000000000
0.0282048434,1.3944677114,0.0000000000
1.2084069252,0.3842884302,0.0000000000
1.0691155195,1.2460893393,1.0000000000
1.1543922424,1.3881915808,1.0000000000
0.8552206159,0.8019614816,1.0000000000
1.4660243988,1.6912840605,0.0000000000
1.0746724606,0.3255540431,0.0000000000
0.4855578244,0.5115510225,0.0000000000
1.7097823620,0.0136631932,0.0000000000
1.3450267315,1.4628657103,0.0000000000
1.6799145937,0.5192266703,0.0000000000
0.0503221191,1.1412491798,0.0000000000
0.1547000110,1.6056227684,0.0000000000
1.8518488407,1.5313128233,0.0000000000
1.6346871853,1.1113401651,0.0000000000
0.6896456480,0.4489340484,0.0000000000
0.5776921511,0.9496991038,1.0000000000
1.5630311966,1.3274704218,0.0000000000
1.4323638678,1.7726628780,0.0000000000
0.3591605425,1.6694349051,0.0000000000
0.3776531816,1.0590384007,0.0000000000
0.3959522545,1.8800649643,0.0000000000
0.4809563756,0.8545506597,0.0000000000
0.3095208406,0.2697723806,0.0000000000
1.4665825367,1.8429586887,0.0000000000
0.3241152763,0.3776738048,0.0000000000
0.1894776970,0.9412812591,0.0000000000
1.4150900841,1.1423684359,1.0000000000
0.1696705967,0.8826612234,0.0000000000
1.7798306942,1.9199579954,0.0000000000
0.3931917846,1.7345023155,0.0000000000
0.1228466704,1.0148240328,0.0000000000
0.2409550697,1.7989140749,0.0000000000
1.8123743534,0.3925660849,0.0000000000
0.5218769908,1.1601297855,0.0000000000
1.0986812115,0.2248460352,0.0000000000
1.2402373552,1.9069027901,0.0000000000
1.1077027321,1.1750141382,1.0000000000
1.9292459488,1.8530540466,0.0000000000
1.2343249321,1.3431514502,1.0000000000
1.4400253296,1.8717849255,0.0000000000
1.0021156073,0.1437128931,0.0000000000
0.7488451600,0.6575681567,1.0000000000
1.0248348713,1.2226133347,1.0000000000
1.8393310308,0.7616237402,0.0000000000
1.5619935989,1.4399275780,0.0000000000
0.4953946173,0.1429730207,0.0000000000
1.6211628914,1.6452347040,0.0000000000
0.3936573565,0.6246772408,0.0000000000
0.7348772287,0.7246763110,1.0000000000
0.7884083390,0.4605870843,0.0000000000
1.4950422049,0.5380010605,0.0000000000
0.8163173795,1.0521500111,1.0000000000
0.6997807622,1.5691099167,0.0000000000
0.9883116484,1.5856200457,0.0000000000
0.5312505364,1.4568271637,0.0000000000
1.3878388405,0.8787845373,1.0000000000
0.5621141195,1.1433899403,0.0000000000
1.8722053766,1.6383072138,0.0000000000
1.6066870689,0.7489205003,0.0000000000
1.2758312225,1.9547973871,0.0000000000
1.6024258137,1.6613681316,0.0000000000
1.0211744308,1.0669552088,1.0000000000
0.8225030303,1.3378525972,1.0000000000
0.8852612376,0.7984800935,1.0000000000
1.1806648970,1.2814192772,1.0000000000
0.0836222470,1.7890986204,0.0000000000
1.3672782183,1.8493368626,0.0000000000
1.8812172413,1.5193830729,0.0000000000
1.3281834126,1.6769795418,0.0000000000
1.8740144968,0.7533413768,0.0000000000
0.9939183593,1.8814452887,0.0000000000
1.8955619335,0.5436531305,0.0000000000
1.5668817759,1.7080451250,0.0000000000
0.2016716748,0.5589782000,0.0000000000
1.5150564909,0.3748958707,0.0000000000
0.3316191435,0.6381900907,0.0000000000
0.3276622891,0.2794563472,0.0000000000
1.7787697315,0.1545285732,0.0000000000
1.8496866226,1.3375141621,0.0000000000
0.9835921526,1.5606086254,0.0000000000
1.1514011621,0.8980904222,1.0000000000
1.6518869400,1.2729187012,0.0000000000
1.6044926643,0.8355666995,0.0000000000
0.5682998896,0.7739844322,0.0000000000
0.9261938930,0.2099842578,0.0000000000
1.8097164631,0.0148662068,0.0000000000
1.6259279251,1.3466612101,0.0000000000
1.0512752533,1.6289767027,0.0000000000
0.7944152355,1.1668922901,1.0000000000
0.2099167854,0.1832759082,0.0000000000
0.3271780610,0.8770401478,0.0000000000
1.0242948532,1.7697317600,0.0000000000
1.7431088686,1.1041643620,0.0000000000
0.2785968781,1.1442202330,0.0000000000
1.4055806398,0.4298821688,0.0000000000
1.5025473833,1.9626724720,0.0000000000
0.4764171839,0.5582349896,0.0000000000
1.8153896332,0.3392964005,0.0000000000
0.4537178278,0.1050252244,0.0000000000
1.2377870083,0.5379275680,0.0000000000
0.0946982726,1.2839432955,0.0000000000
1.5229141712,1.7418925762,0.0000000000
0.2481141984,1.0647481680,0.0000000000
0.3617557883,0.1120137572,0.0000000000
0.8205286264,0.9817140102,1.0000000000
0.0006489225,1.6262232065,0.0000000000
1.3739892244,1.8269025087,0.0000000000
1.4707038403,1.1866323948,0.0000000000
0.9377006292,0.6854589581,1.0000000000
1.9939550161,0.7213711143,0.0000000000
0.8236205578,1.0547062159,1.0000000000
0.1324506849,0.0092101181,0.0000000000
1.1323553324,1.8474301100,0.0000000000
